ref_cm,placa,ms,echo_us,temp_c,c_ms,dist_fixa_cm,dist_comp_cm
20,mega-simulado,500,1192,12.14,338.66,20.44,20.18
20,mega-simulado,1000,1182,11.92,338.53,20.27,20.01
20,mega-simulado,1500,1173,12.00,338.57,20.12,19.86
20,mega-simulado,2000,1173,11.86,338.48,20.12,19.85
20,mega-simulado,2500,1183,12.01,338.58,20.29,20.03
20,mega-simulado,3000,1186,11.91,338.52,20.34,20.07
20,mega-simulado,3500,1181,11.99,338.57,20.25,19.99
20,mega-simulado,4000,1169,12.05,338.60,20.05,19.79
20,mega-simulado,4500,1184,12.24,338.72,20.31,20.05
20,mega-simulado,5000,1183,11.99,338.56,20.29,20.03
20,mega-simulado,5500,1191,12.02,338.58,20.43,20.16
20,mega-simulado,6000,1189,11.96,338.55,20.39,20.13
20,mega-simulado,6500,1183,12.10,338.63,20.29,20.03
20,mega-simulado,7000,1187,12.01,338.58,20.36,20.09
20,mega-simulado,7500,1173,12.04,338.60,20.12,19.86
20,mega-simulado,8000,1182,12.07,338.62,20.27,20.01
20,mega-simulado,8500,1183,12.11,338.64,20.29,20.03
20,mega-simulado,9000,1181,12.02,338.58,20.25,19.99
20,mega-simulado,9500,1187,11.89,338.51,20.36,20.09
20,mega-simulado,10000,1178,11.95,338.54,20.20,19.94
50,mega-simulado,10500,2969,11.99,338.57,50.92,50.26
50,mega-simulado,11000,2959,12.06,338.61,50.75,50.10
50,mega-simulado,11500,2951,11.84,338.48,50.61,49.94
50,mega-simulado,12000,2961,11.96,338.55,50.78,50.12
50,mega-simulado,12500,2959,11.87,338.49,50.75,50.08
50,mega-simulado,13000,2950,12.13,338.65,50.59,49.95
50,mega-simulado,13500,2965,11.87,338.49,50.85,50.18
50,mega-simulado,14000,2943,12.00,338.57,50.47,49.82
50,mega-simulado,14500,2959,12.02,338.58,50.75,50.09
50,mega-simulado,15000,2956,11.90,338.51,50.70,50.03
50,mega-simulado,15500,2958,12.11,338.64,50.73,50.08
50,mega-simulado,16000,2950,11.86,338.49,50.59,49.93
50,mega-simulado,16500,2948,12.08,338.62,50.56,49.91
50,mega-simulado,17000,2940,11.99,338.57,50.42,49.77
50,mega-simulado,17500,2946,11.99,338.56,50.52,49.87
50,mega-simulado,18000,2952,12.00,338.57,50.63,49.97
50,mega-simulado,18500,2966,12.04,338.60,50.87,50.21
50,mega-simulado,19000,2964,11.99,338.56,50.83,50.18
50,mega-simulado,19500,2950,12.04,338.59,50.59,49.94
50,mega-simulado,20000,2931,12.00,338.57,50.27,49.62
100,mega-simulado,20500,5908,11.88,338.50,101.32,99.99
100,mega-simulado,21000,5911,11.94,338.54,101.37,100.05
100,mega-simulado,21500,5887,11.98,338.56,100.96,99.65
100,mega-simulado,22000,5899,11.95,338.54,101.17,99.85
100,mega-simulado,22500,5906,12.13,338.65,101.29,100.00
100,mega-simulado,23000,5908,12.00,338.57,101.32,100.01
100,mega-simulado,23500,5910,11.82,338.46,101.36,100.02
100,mega-simulado,24000,5917,11.89,338.51,101.48,100.15
100,mega-simulado,24500,5911,11.89,338.50,101.37,100.04
100,mega-simulado,25000,5899,11.96,338.55,101.17,99.85
100,mega-simulado,25500,5922,12.07,338.61,101.56,100.26
100,mega-simulado,26000,5902,11.97,338.55,101.22,99.91
100,mega-simulado,26500,5898,12.00,338.57,101.15,99.84
100,mega-simulado,27000,5903,12.07,338.62,101.24,99.94
100,mega-simulado,27500,5896,11.97,338.55,101.12,99.81
100,mega-simulado,28000,5900,11.93,338.53,101.18,99.87
100,mega-simulado,28500,5913,12.01,338.58,101.41,100.10
100,mega-simulado,29000,5912,12.12,338.64,101.39,100.10
100,mega-simulado,29500,5916,11.86,338.49,101.46,100.13
100,mega-simulado,30000,5911,11.82,338.47,101.37,100.03
150,mega-simulado,30500,8860,12.19,338.69,151.95,150.04
150,mega-simulado,31000,8859,11.96,338.55,151.93,149.96
150,mega-simulado,31500,8862,12.00,338.57,151.98,150.02
150,mega-simulado,32000,8861,11.92,338.53,151.97,149.98
150,mega-simulado,32500,8869,12.09,338.63,152.10,150.16
150,mega-simulado,33000,8859,12.03,338.59,151.93,149.98
150,mega-simulado,33500,8866,12.10,338.63,152.05,150.12
150,mega-simulado,34000,8864,12.07,338.61,152.02,150.07
150,mega-simulado,34500,8859,11.89,338.51,151.93,149.94
150,mega-simulado,35000,8857,12.10,338.63,151.90,149.96
150,mega-simulado,35500,8869,12.01,338.58,152.10,150.14
150,mega-simulado,36000,8856,12.03,338.59,151.88,149.93
150,mega-simulado,36500,8874,12.14,338.65,152.19,150.26
150,mega-simulado,37000,8855,12.00,338.57,151.86,149.90
150,mega-simulado,37500,8849,11.89,338.50,151.76,149.77
150,mega-simulado,38000,8862,12.00,338.57,151.98,150.02
150,mega-simulado,38500,8868,12.13,338.65,152.09,150.16
150,mega-simulado,39000,8867,12.13,338.65,152.07,150.14
150,mega-simulado,39500,8856,11.89,338.50,151.88,149.89
150,mega-simulado,40000,8865,12.27,338.73,152.03,150.14
200,mega-simulado,40500,11817,11.88,338.50,202.66,200.00
200,mega-simulado,41000,11816,12.14,338.66,202.64,200.08
200,mega-simulado,41500,11806,12.08,338.62,202.47,199.89
200,mega-simulado,42000,11809,12.13,338.65,202.52,199.96
200,mega-simulado,42500,11821,12.03,338.59,202.73,200.12
200,mega-simulado,43000,11830,11.96,338.55,202.88,200.25
200,mega-simulado,43500,11809,12.19,338.68,202.52,199.98
200,mega-simulado,44000,11807,12.22,338.71,202.49,199.95
200,mega-simulado,44500,11814,11.90,338.51,202.61,199.96
200,mega-simulado,45000,11814,12.01,338.58,202.61,200.00
200,mega-simulado,45500,11816,11.98,338.56,202.64,200.02
200,mega-simulado,46000,11823,11.77,338.43,202.76,200.06
200,mega-simulado,46500,11810,11.97,338.56,202.54,199.92
200,mega-simulado,47000,11829,11.80,338.45,202.87,200.18
200,mega-simulado,47500,11812,11.89,338.50,202.58,199.92
200,mega-simulado,48000,11809,12.06,338.61,202.52,199.93
200,mega-simulado,48500,11818,12.14,338.66,202.68,200.11
200,mega-simulado,49000,11810,12.03,338.59,202.54,199.94
200,mega-simulado,49500,11824,12.09,338.63,202.78,200.20
200,mega-simulado,50000,11812,12.11,338.64,202.58,200.00
